{
    "Fe210": {
        "dG0": 0.0,
        "area": 1,
        "ne": 0,
        "nH": 0
    },
    "1/5 H": {
        "dG0": 0.0224975,
        "area": 1,
        "ne": -1,
        "nH": -1
    },
    "3/5 H": {
        "dG0": 0.1598145,
        "area": 1,
        "ne": -3,
        "nH": -3
    },
    "1 H": {
        "dG0": 0.4407765,
        "area": 1,
        "ne": -5,
        "nH": -5
    },
    "1/5 O": {
        "dG0": 0.113957,
        "area": 1,
        "ne": 2,
        "nH": 2
    },
    "3/5 O": {
        "dG0": 0.890739,
        "area": 1,
        "ne": 6,
        "nH": 6
    },
    "1 O": {
        "dG0": 2.189315,
        "area": 1,
        "ne": 10,
        "nH": 10
    },
    "Fe++": {
        "dG0": -0.894,
        "area": 1,
        "ne": 2,
        "nH": 0
    }
}
